date,standard_index_nonparametric
1981-01-01,2.1318229642538755
1981-02-01,2.1318229642538755
1981-03-01,0.6293134513131327
1981-04-01,-0.030992626726090267
1981-05-01,0.28298533169807283
1981-06-01,-0.8774577368523062
1981-07-01,-1.505661780548937
1981-08-01,-2.131822964253877
1981-09-01,-1.7359295623861235
1981-10-01,0.5551774750528373
1981-11-01,1.1968673980543945
1981-12-01,1.0781253499132781
1982-01-01,0.7894077433740975
1982-02-01,0.09313250990276134
1982-03-01,0.8774577368523057
1982-04-01,1.1968673980543945
1982-05-01,1.0781253499132781
1982-06-01,0.8774577368523057
1982-07-01,0.09313250990276134
1982-08-01,0.7894077433740975
1982-09-01,2.1318229642538755
1982-10-01,2.1318229642538755
1982-11-01,2.1318229642538755
1982-12-01,1.7359295623861226
1983-01-01,1.5056617805489365
1983-02-01,1.1968673980543945
1983-03-01,1.7359295623861226
1983-04-01,1.7359295623861226
1983-05-01,1.1968673980543945
1983-06-01,0.4151839393018655
1983-07-01,0.3483119443984253
1983-08-01,0.28298533169807283
1983-09-01,0.9728954336959409
1983-10-01,0.4151839393018655
1983-11-01,1.7359295623861226
1983-12-01,2.1318229642538755
1984-01-01,0.8774577368523057
1984-02-01,-0.4151839393018659
1984-03-01,-1.1968673980543945
1984-04-01,-0.9728954336959409
1984-05-01,-1.3353883484831062
1984-06-01,-1.0781253499132786
1984-07-01,-2.131822964253877
1984-08-01,-1.7359295623861235
1984-09-01,-2.131822964253877
1984-10-01,0.48398663359034
1984-11-01,1.1968673980543945
1984-12-01,1.1968673980543945
1985-01-01,0.4151839393018655
1985-02-01,-0.7070911613346773
1985-03-01,-0.21887147111503547
1985-04-01,-0.7070911613346773
1985-05-01,-0.7894077433740978
1985-06-01,-2.131822964253877
1985-07-01,-1.3353883484831062
1985-08-01,-1.0781253499132786
1985-09-01,0.21887147111503524
1985-10-01,0.7070911613346768
1985-11-01,0.8774577368523057
1985-12-01,0.3483119443984253
1986-01-01,0.15567612160303024
1986-02-01,0.8774577368523057
1986-03-01,1.0781253499132781
1986-04-01,1.5056617805489365
1986-05-01,0.09313250990276134
1986-06-01,-0.48398663359034066
1986-07-01,-0.8774577368523062
1986-08-01,-1.1968673980543945
1986-09-01,1.335388348483105
1986-10-01,0.21887147111503524
1986-11-01,-0.7894077433740978
1986-12-01,-1.505661780548937
1987-01-01,-1.3353883484831062
1987-02-01,-0.6293134513131331
1987-03-01,-0.030992626726090267
1987-04-01,-0.34831194439842594
1987-05-01,-0.48398663359034066
1987-06-01,-1.7359295623861235
1987-07-01,0.28298533169807283
1987-08-01,0.4151839393018655
1987-09-01,0.3483119443984253
1987-10-01,-0.8774577368523062
1987-11-01,-0.48398663359034066
1987-12-01,-0.6293134513131331
1988-01-01,-0.48398663359034066
1988-02-01,-1.1968673980543945
1988-03-01,-1.505661780548937
1988-04-01,-1.3353883484831062
1988-05-01,-0.555177475052838
1988-06-01,0.48398663359034
1988-07-01,0.030992626726089822
1988-08-01,-0.48398663359034066
1988-09-01,-1.505661780548937
1988-10-01,-1.7359295623861235
1988-11-01,-0.4151839393018659
1988-12-01,-0.48398663359034066
1989-01-01,-0.6293134513131331
1989-02-01,-0.9728954336959409
1989-03-01,-0.4151839393018659
1989-04-01,-0.555177475052838
1989-05-01,-0.21887147111503547
1989-06-01,-0.9728954336959409
1989-07-01,-0.7894077433740978
1989-08-01,-0.15567612160303113
1989-09-01,1.7359295623861226
1989-10-01,1.5056617805489365
1989-11-01,0.8774577368523057
1989-12-01,-0.7070911613346773
1990-01-01,-1.0781253499132786
1990-02-01,-1.0781253499132786
1990-03-01,-0.7894077433740978
1990-04-01,-0.8774577368523062
1990-05-01,-0.15567612160303113
1990-06-01,0.3483119443984253
1990-07-01,0.7894077433740975
1990-08-01,-0.093132509902762
1990-09-01,-0.7894077433740978
1990-10-01,-1.505661780548937
1990-11-01,-1.7359295623861235
1990-12-01,-2.131822964253877
1991-01-01,-2.131822964253877
1991-02-01,-2.131822964253877
1991-03-01,0.3483119443984253
1991-04-01,0.8774577368523057
1991-05-01,1.1968673980543945
1991-06-01,-0.15567612160303113
1991-07-01,0.5551774750528373
1991-08-01,0.7070911613346768
1991-09-01,-0.6293134513131331
1991-10-01,0.8774577368523057
1991-11-01,-0.15567612160303113
1991-12-01,-0.555177475052838
1992-01-01,-1.1968673980543945
1992-02-01,0.030992626726089822
1992-03-01,0.030992626726089822
1992-04-01,0.15567612160303024
1992-05-01,-1.1968673980543945
1992-06-01,-1.505661780548937
1992-07-01,-0.2829853316980733
1992-08-01,0.5551774750528373
1992-09-01,-0.2829853316980733
1992-10-01,-0.34831194439842594
1992-11-01,-0.9728954336959409
1992-12-01,-0.15567612160303113
1993-01-01,0.9728954336959409
1993-02-01,1.335388348483105
1993-03-01,1.1968673980543945
1993-04-01,0.4151839393018655
1993-05-01,0.030992626726089822
1993-06-01,0.5551774750528373
1993-07-01,1.1968673980543945
1993-08-01,1.5056617805489365
1993-09-01,0.15567612160303024
1993-10-01,-0.7894077433740978
1993-11-01,-0.6293134513131331
1993-12-01,-0.8774577368523062
1994-01-01,-0.7070911613346773
1994-02-01,-0.48398663359034066
1994-03-01,-0.9728954336959409
1994-04-01,-0.6293134513131331
1994-05-01,-0.7070911613346773
1994-06-01,0.15567612160303024
1994-07-01,0.4151839393018655
1994-08-01,-0.8774577368523062
1994-09-01,-0.7070911613346773
1994-10-01,-0.21887147111503547
1994-11-01,0.3483119443984253
1994-12-01,-0.21887147111503547
1995-01-01,1.1968673980543945
1995-02-01,0.7070911613346768
1995-03-01,1.5056617805489365
1995-04-01,0.6293134513131327
1995-05-01,1.5056617805489365
1995-06-01,1.1968673980543945
1995-07-01,1.5056617805489365
1995-08-01,1.7359295623861226
1995-09-01,0.48398663359034
1995-10-01,-1.3353883484831062
1995-11-01,-2.131822964253877
1995-12-01,-0.34831194439842594
1996-01-01,0.030992626726089822
1996-02-01,0.9728954336959409
1996-03-01,0.3483119443984253
1996-04-01,0.3483119443984253
1996-05-01,0.21887147111503524
1996-06-01,0.7894077433740975
1996-07-01,0.9728954336959409
1996-08-01,-0.6293134513131331
1996-09-01,-0.9728954336959409
1996-10-01,0.09313250990276134
1996-11-01,0.6293134513131327
1996-12-01,1.5056617805489365
1997-01-01,2.1318229642538755
1997-02-01,1.0781253499132781
1997-03-01,-0.34831194439842594
1997-04-01,-2.131822964253877
1997-05-01,-2.131822964253877
1997-06-01,-1.1968673980543945
1997-07-01,-0.555177475052838
1997-08-01,1.0781253499132781
1997-09-01,0.5551774750528373
1997-10-01,0.28298533169807283
1997-11-01,0.5551774750528373
1997-12-01,0.4151839393018655
1998-01-01,1.335388348483105
1998-02-01,2.1318229642538755
1998-03-01,2.1318229642538755
1998-04-01,2.1318229642538755
1998-05-01,1.7359295623861226
1998-06-01,2.1318229642538755
1998-07-01,2.1318229642538755
1998-08-01,1.1968673980543945
1998-09-01,0.09313250990276134
1998-10-01,0.3483119443984253
1998-11-01,0.3483119443984253
1998-12-01,-0.030992626726090267
1999-01-01,-0.030992626726090267
1999-02-01,0.4151839393018655
1999-03-01,0.09313250990276134
1999-04-01,0.28298533169807283
1999-05-01,-0.2829853316980733
1999-06-01,-0.030992626726090267
1999-07-01,0.48398663359034
1999-08-01,1.1968673980543945
1999-09-01,1.5056617805489365
1999-10-01,-0.15567612160303113
1999-11-01,-1.1968673980543945
1999-12-01,-1.7359295623861235
2000-01-01,-0.4151839393018659
2000-02-01,0.7894077433740975
2000-03-01,0.8774577368523057
2000-04-01,0.8774577368523057
2000-05-01,0.030992626726089822
2000-06-01,0.030992626726089822
2000-07-01,0.7070911613346768
2000-08-01,0.21887147111503524
2000-09-01,1.1968673980543945
2000-10-01,1.7359295623861226
2000-11-01,1.5056617805489365
2000-12-01,0.6293134513131327
2001-01-01,-0.7894077433740978
2001-02-01,-0.8774577368523062
2001-03-01,-0.48398663359034066
2001-04-01,-0.030992626726090267
2001-05-01,-0.15567612160303113
2001-06-01,-0.21887147111503547
2001-07-01,-1.505661780548937
2001-08-01,-0.7894077433740978
2001-09-01,-0.030992626726090267
2001-10-01,-0.48398663359034066
2001-11-01,0.15567612160303024
2001-12-01,0.5551774750528373
2002-01-01,0.28298533169807283
2002-02-01,-0.15567612160303113
2002-03-01,-0.7070911613346773
2002-04-01,-0.7894077433740978
2002-05-01,-0.6293134513131331
2002-06-01,-0.7070911613346773
2002-07-01,-0.7070911613346773
2002-08-01,-0.9728954336959409
2002-09-01,-1.0781253499132786
2002-10-01,-0.9728954336959409
2002-11-01,-0.2829853316980733
2002-12-01,0.3483119443984253
2003-01-01,-0.2829853316980733
2003-02-01,-0.555177475052838
2003-03-01,-1.3353883484831062
2003-04-01,-0.15567612160303113
2003-05-01,0.3483119443984253
2003-06-01,1.0781253499132781
2003-07-01,-0.48398663359034066
2003-08-01,-0.7070911613346773
2003-09-01,-0.8774577368523062
2003-10-01,-1.1968673980543945
2003-11-01,-1.3353883484831062
2003-12-01,-0.15567612160303113
2004-01-01,-0.15567612160303113
2004-02-01,0.15567612160303024
2004-03-01,-0.555177475052838
2004-04-01,-1.0781253499132786
2004-05-01,-1.7359295623861235
2004-06-01,-1.3353883484831062
2004-07-01,-0.21887147111503547
2004-08-01,0.48398663359034
2004-09-01,1.0781253499132781
2004-10-01,1.1968673980543945
2004-11-01,0.6293134513131327
2004-12-01,0.7070911613346768
2005-01-01,0.5551774750528373
2005-02-01,0.6293134513131327
2005-03-01,0.6293134513131327
2005-04-01,0.3483119443984253
2005-05-01,0.6293134513131327
2005-06-01,0.9728954336959409
2005-07-01,1.0781253499132781
2005-08-01,1.0781253499132781
2005-09-01,-0.15567612160303113
2005-10-01,-0.2829853316980733
2005-11-01,-1.0781253499132786
2005-12-01,0.15567612160303024
2006-01-01,0.48398663359034
2006-02-01,0.48398663359034
2006-03-01,0.5551774750528373
2006-04-01,1.1968673980543945
2006-05-01,2.1318229642538755
2006-06-01,1.5056617805489365
2006-07-01,0.030992626726089822
2006-08-01,-0.21887147111503547
2006-09-01,-0.093132509902762
2006-10-01,0.15567612160303024
2006-11-01,-0.21887147111503547
2006-12-01,-0.34831194439842594
2007-01-01,-0.9728954336959409
2007-02-01,-0.34831194439842594
2007-03-01,-0.8774577368523062
2007-04-01,-0.48398663359034066
2007-05-01,-1.0781253499132786
2007-06-01,-0.4151839393018659
2007-07-01,-0.34831194439842594
2007-08-01,0.15567612160303024
2007-09-01,0.8774577368523057
2007-10-01,0.6293134513131327
2007-11-01,-0.093132509902762
2007-12-01,-0.48398663359034066
2008-01-01,0.09313250990276134
2008-02-01,0.21887147111503524
2008-03-01,-0.15567612160303113
2008-04-01,-1.505661780548937
2008-05-01,-1.505661780548937
2008-06-01,-0.7894077433740978
2008-07-01,-0.093132509902762
2008-08-01,-0.2829853316980733
2008-09-01,-0.48398663359034066
2008-10-01,-0.7070911613346773
2008-11-01,-0.7070911613346773
2008-12-01,-0.7894077433740978
2009-01-01,-0.555177475052838
2009-02-01,-0.093132509902762
2009-03-01,-0.030992626726090267
2009-04-01,-0.34831194439842594
2009-05-01,-0.4151839393018659
2009-06-01,-0.093132509902762
2009-07-01,0.6293134513131327
2009-08-01,0.6293134513131327
2009-09-01,-0.4151839393018659
2009-10-01,0.8774577368523057
2009-11-01,0.28298533169807283
2009-12-01,-0.030992626726090267
2010-01-01,-0.093132509902762
2010-02-01,0.28298533169807283
2010-03-01,0.21887147111503524
2010-04-01,0.5551774750528373
2010-05-01,0.8774577368523057
2010-06-01,1.7359295623861226
2010-07-01,0.8774577368523057
2010-08-01,0.8774577368523057
2010-09-01,0.6293134513131327
2010-10-01,1.0781253499132781
2010-11-01,1.0781253499132781
2010-12-01,1.1968673980543945
2011-01-01,0.6293134513131327
2011-02-01,0.5551774750528373
2011-03-01,0.4151839393018655
2011-04-01,0.7070911613346768
2011-05-01,0.8774577368523057
2011-06-01,1.1968673980543945
2011-07-01,1.7359295623861226
2011-08-01,2.1318229642538755
2011-09-01,0.7070911613346768
2011-10-01,0.7070911613346768
2011-11-01,0.09313250990276134
2011-12-01,-1.0781253499132786
2012-01-01,-1.505661780548937
2012-02-01,-1.7359295623861235
2012-03-01,-0.34831194439842594
2012-04-01,0.21887147111503524
2012-05-01,0.5551774750528373
2012-06-01,0.6293134513131327
2012-07-01,0.15567612160303024
2012-08-01,0.3483119443984253
2012-09-01,-0.34831194439842594
2012-10-01,-0.6293134513131331
2012-11-01,0.21887147111503524
2012-12-01,0.8774577368523057
2013-01-01,0.3483119443984253
2013-02-01,-0.2829853316980733
2013-03-01,-1.7359295623861235
2013-04-01,-1.7359295623861235
2013-05-01,-0.8774577368523062
2013-06-01,-0.6293134513131331
2013-07-01,-0.4151839393018659
2013-08-01,-0.030992626726090267
2013-09-01,0.28298533169807283
2013-10-01,0.030992626726089822
2013-11-01,-0.34831194439842594
2013-12-01,-1.3353883484831062
2014-01-01,-1.7359295623861235
2014-02-01,-1.505661780548937
2014-03-01,-0.7894077433740978
2014-04-01,-0.21887147111503547
2014-05-01,-0.34831194439842594
2014-06-01,-0.555177475052838
2014-07-01,-0.9728954336959409
2014-08-01,0.030992626726089822
2014-09-01,0.4151839393018655
2014-10-01,-0.4151839393018659
2014-11-01,-0.555177475052838
2014-12-01,0.6293134513131327
2015-01-01,-0.21887147111503547
2015-02-01,-0.21887147111503547
2015-03-01,-2.131822964253877
2015-04-01,-1.1968673980543945
2015-05-01,-0.9728954336959409
2015-06-01,-0.34831194439842594
2015-07-01,-0.15567612160303113
2015-08-01,-0.4151839393018659
2015-09-01,0.030992626726089822
2015-10-01,-0.555177475052838
2015-11-01,0.030992626726089822
2015-12-01,0.21887147111503524
2016-01-01,0.7070911613346768
2016-02-01,-0.030992626726090267
2016-03-01,0.28298533169807283
2016-04-01,-0.15567612160303113
2016-05-01,0.4151839393018655
2016-06-01,-0.2829853316980733
2016-07-01,-1.1968673980543945
2016-08-01,-1.505661780548937
2016-09-01,-1.1968673980543945
2016-10-01,1.1968673980543945
2016-11-01,0.7070911613346768
2016-12-01,0.8774577368523057
2017-01-01,1.0781253499132781
2017-02-01,1.5056617805489365
2017-03-01,1.1968673980543945
2017-04-01,1.0781253499132781
2017-05-01,-0.030992626726090267
2017-06-01,0.21887147111503524
2017-07-01,-1.0781253499132786
2017-08-01,-1.3353883484831062
2017-09-01,-1.3353883484831062
2017-10-01,-1.0781253499132786
2017-11-01,-0.030992626726090267
2017-12-01,-1.1968673980543945
2018-01-01,-0.7894077433740978
2018-02-01,-1.3353883484831062
2018-03-01,-0.15567612160303113
2018-04-01,0.030992626726089822
2018-05-01,0.6293134513131327
2018-06-01,0.28298533169807283
2018-07-01,-0.555177475052838
2018-08-01,-0.555177475052838
2018-09-01,-0.21887147111503547
2018-10-01,-0.030992626726090267
2018-11-01,0.4151839393018655
2018-12-01,0.28298533169807283
2019-01-01,0.28298533169807283
2019-02-01,0.3483119443984253
2019-03-01,0.7070911613346768
2019-04-01,0.6293134513131327
2019-05-01,0.7070911613346768
2019-06-01,0.7070911613346768
2019-07-01,1.1968673980543945
2019-08-01,0.09313250990276134
2019-09-01,0.7894077433740975
2019-10-01,-0.093132509902762
2019-11-01,-0.8774577368523062
2019-12-01,0.030992626726089822
2020-01-01,-0.34831194439842594
2020-02-01,-0.7894077433740978
2020-03-01,-1.1968673980543945
2020-04-01,-0.48398663359034066
2020-05-01,0.3483119443984253
2020-06-01,0.09313250990276134
2020-07-01,0.21887147111503524
2020-08-01,-0.34831194439842594
2020-09-01,-0.555177475052838
2020-10-01,-2.131822964253877
2020-11-01,-1.505661780548937
2020-12-01,-0.9728954336959409
