date,PPT
1981-01-01,152.1
1981-02-01,25.8
1981-03-01,122.0
1981-04-01,30.8
1981-05-01,9.7
1981-06-01,0.0
1981-07-01,0.0
1981-08-01,0.0
1981-09-01,0.1
1981-10-01,47.4
1981-11-01,118.8
1981-12-01,63.7
1982-01-01,103.2
1982-02-01,76.0
1982-03-01,148.3
1982-04-01,95.9
1982-05-01,1.0
1982-06-01,2.4
1982-07-01,1.9
1982-08-01,0.0
1982-09-01,52.0
1982-10-01,82.2
1982-11-01,94.5
1982-12-01,109.3
1983-01-01,162.8
1983-02-01,125.4
1983-03-01,210.9
1983-04-01,58.7
1983-05-01,15.0
1983-06-01,0.7
1983-07-01,0.0
1983-08-01,1.8
1983-09-01,18.7
1983-10-01,25.1
1983-11-01,164.8
1983-12-01,114.4
1984-01-01,8.2
1984-02-01,58.5
1984-03-01,30.0
1984-04-01,22.2
1984-05-01,0.6
1984-06-01,2.4
1984-07-01,0.0
1984-08-01,0.0
1984-09-01,0.0
1984-10-01,46.5
1984-11-01,121.3
1984-12-01,61.5
1985-01-01,39.2
1985-02-01,44.1
1985-03-01,86.8
1985-04-01,2.2
1985-05-01,0.0
1985-06-01,8.9
1985-07-01,0.0
1985-08-01,1.1
1985-09-01,8.8
1985-10-01,20.3
1985-11-01,88.6
1985-12-01,45.1
1986-01-01,77.2
1986-02-01,203.4
1986-03-01,111.8
1986-04-01,29.2
1986-05-01,7.6
1986-06-01,0.0
1986-07-01,0.0
1986-08-01,0.0
1986-09-01,24.7
1986-10-01,1.3
1986-11-01,5.8
1986-12-01,30.3
1987-01-01,48.2
1987-02-01,85.6
1987-03-01,101.9
1987-04-01,8.1
1987-05-01,11.8
1987-06-01,6.3
1987-07-01,0.0
1987-08-01,0.0
1987-09-01,0.9
1987-10-01,11.6
1987-11-01,36.0
1987-12-01,54.0
1988-01-01,61.0
1988-02-01,9.9
1988-03-01,16.3
1988-04-01,66.2
1988-05-01,12.9
1988-06-01,3.3
1988-07-01,0.0
1988-08-01,0.0
1988-09-01,0.0
1988-10-01,0.0
1988-11-01,50.9
1988-12-01,56.5
1989-01-01,30.0
1989-02-01,32.3
1989-03-01,92.2
1989-04-01,8.4
1989-05-01,0.9
1989-06-01,2.4
1989-07-01,0.0
1989-08-01,1.2
1989-09-01,40.1
1989-10-01,56.3
1989-11-01,40.8
1989-12-01,0.0
1990-01-01,56.1
1990-02-01,57.6
1990-03-01,32.9
1990-04-01,31.0
1990-05-01,51.1
1990-06-01,2.6
1990-07-01,0.1
1990-08-01,0.0
1990-09-01,0.0
1990-10-01,1.3
1990-11-01,11.2
1990-12-01,19.2
1991-01-01,4.7
1991-02-01,42.6
1991-03-01,212.6
1991-04-01,9.2
1991-05-01,6.8
1991-06-01,6.8
1991-07-01,2.3
1991-08-01,1.6
1991-09-01,0.0
1991-10-01,69.3
1991-11-01,7.0
1991-12-01,39.7
1992-01-01,35.7
1992-02-01,147.4
1992-03-01,58.0
1992-04-01,8.1
1992-05-01,2.0
1992-06-01,4.2
1992-07-01,5.8
1992-08-01,0.0
1992-09-01,0.0
1992-10-01,29.0
1992-11-01,4.6
1992-12-01,103.1
1993-01-01,193.0
1993-02-01,106.3
1993-03-01,81.9
1993-04-01,16.9
1993-05-01,24.5
1993-06-01,30.3
1993-07-01,0.0
1993-08-01,0.0
1993-09-01,0.0
1993-10-01,2.2
1993-11-01,40.2
1993-12-01,49.6
1994-01-01,41.6
1994-02-01,77.0
1994-03-01,8.8
1994-04-01,49.0
1994-05-01,25.4
1994-06-01,2.9
1994-07-01,0.0
1994-08-01,0.0
1994-09-01,3.2
1994-10-01,15.4
1994-11-01,52.2
1994-12-01,43.1
1995-01-01,226.6
1995-02-01,19.1
1995-03-01,188.8
1995-04-01,28.6
1995-05-01,50.9
1995-06-01,25.3
1995-07-01,0.0
1995-08-01,0.0
1995-09-01,0.0
1995-10-01,0.0
1995-11-01,3.0
1995-12-01,122.4
1996-01-01,101.9
1996-02-01,126.0
1996-03-01,47.6
1996-04-01,38.7
1996-05-01,64.6
1996-06-01,9.4
1996-07-01,0.0
1996-08-01,0.0
1996-09-01,0.0
1996-10-01,24.5
1996-11-01,86.1
1996-12-01,180.0
1997-01-01,172.5
1997-02-01,7.5
1997-03-01,2.3
1997-04-01,3.9
1997-05-01,1.9
1997-06-01,1.6
1997-07-01,0.0
1997-08-01,0.7
1997-09-01,0.0
1997-10-01,18.9
1997-11-01,94.5
1997-12-01,50.3
1998-01-01,194.0
1998-02-01,261.8
1998-03-01,72.6
1998-04-01,82.5
1998-05-01,93.6
1998-06-01,4.3
1998-07-01,0.0
1998-08-01,0.0
1998-09-01,0.2
1998-10-01,20.4
1998-11-01,50.0
1998-12-01,58.5
1999-01-01,89.0
1999-02-01,117.4
1999-03-01,28.2
1999-04-01,34.6
1999-05-01,3.9
1999-06-01,1.5
1999-07-01,2.2
1999-08-01,11.6
1999-09-01,0.0
1999-10-01,1.2
1999-11-01,28.0
1999-12-01,5.4
2000-01-01,128.1
2000-02-01,177.3
2000-03-01,53.7
2000-04-01,37.1
2000-05-01,41.1
2000-06-01,2.3
2000-07-01,0.0
2000-08-01,0.0
2000-09-01,3.9
2000-10-01,114.8
2000-11-01,30.4
2000-12-01,30.6
2001-01-01,60.1
2001-02-01,43.4
2001-03-01,48.4
2001-04-01,74.7
2001-05-01,0.0
2001-06-01,1.2
2001-07-01,0.0
2001-08-01,0.0
2001-09-01,2.3
2001-10-01,12.5
2001-11-01,48.6
2001-12-01,118.2
2002-01-01,44.5
2002-02-01,36.2
2002-03-01,62.0
2002-04-01,7.5
2002-05-01,10.8
2002-06-01,0.0
2002-07-01,0.0
2002-08-01,0.0
2002-09-01,0.0
2002-10-01,0.0
2002-11-01,48.4
2002-12-01,117.4
2003-01-01,14.9
2003-02-01,30.7
2003-03-01,33.2
2003-04-01,87.0
2003-05-01,10.6
2003-06-01,0.0
2003-07-01,0.0
2003-08-01,5.5
2003-09-01,0.0
2003-10-01,0.0
2003-11-01,25.1
2003-12-01,108.2
2004-01-01,44.5
2004-02-01,95.4
2004-03-01,21.3
2004-04-01,1.5
2004-05-01,2.2
2004-06-01,0.3
2004-07-01,0.0
2004-08-01,0.0
2004-09-01,2.5
2004-10-01,65.3
2004-11-01,34.0
2004-12-01,77.5
2005-01-01,128.0
2005-02-01,61.8
2005-03-01,108.5
2005-04-01,28.1
2005-05-01,31.9
2005-06-01,8.8
2005-07-01,0.5
2005-08-01,0.0
2005-09-01,3.5
2005-10-01,0.9
2005-11-01,8.1
2005-12-01,142.6
2006-01-01,110.9
2006-02-01,26.4
2006-03-01,141.8
2006-04-01,134.5
2006-05-01,22.0
2006-06-01,1.1
2006-07-01,0.0
2006-08-01,0.0
2006-09-01,0.0
2006-10-01,7.6
2006-11-01,24.7
2006-12-01,71.1
2007-01-01,14.8
2007-02-01,106.2
2007-03-01,15.3
2007-04-01,30.8
2007-05-01,2.1
2007-06-01,0.0
2007-07-01,0.0
2007-08-01,0.0
2007-09-01,3.3
2007-10-01,14.9
2007-11-01,14.8
2007-12-01,65.5
2008-01-01,140.4
2008-02-01,49.2
2008-03-01,0.6
2008-04-01,0.2
2008-05-01,6.1
2008-06-01,0.0
2008-07-01,0.0
2008-08-01,0.0
2008-09-01,0.0
2008-10-01,10.0
2008-11-01,29.8
2008-12-01,51.0
2009-01-01,58.8
2009-02-01,96.8
2009-03-01,47.6
2009-04-01,16.9
2009-05-01,31.7
2009-06-01,5.1
2009-07-01,0.0
2009-08-01,0.0
2009-09-01,2.9
2009-10-01,47.3
2009-11-01,10.7
2009-12-01,69.1
2010-01-01,113.7
2010-02-01,76.6
2010-03-01,51.4
2010-04-01,95.2
2010-05-01,30.0
2010-06-01,0.6
2010-07-01,0.0
2010-08-01,0.0
2010-09-01,0.0
2010-10-01,57.4
2010-11-01,74.9
2010-12-01,144.4
2011-01-01,36.2
2011-02-01,85.9
2011-03-01,144.1
2011-04-01,6.3
2011-05-01,30.0
2011-06-01,42.3
2011-07-01,0.0
2011-08-01,0.0
2011-09-01,0.0
2011-10-01,35.7
2011-11-01,18.9
2011-12-01,2.0
2012-01-01,55.0
2012-02-01,17.0
2012-03-01,92.9
2012-04-01,78.8
2012-05-01,2.3
2012-06-01,6.4
2012-07-01,0.5
2012-08-01,0.0
2012-09-01,0.4
2012-10-01,13.3
2012-11-01,52.1
2012-12-01,155.9
2013-01-01,27.1
2013-02-01,8.6
2013-03-01,35.0
2013-04-01,20.9
2013-05-01,4.2
2013-06-01,4.5
2013-07-01,0.0
2013-08-01,0.0
2013-09-01,8.7
2013-10-01,0.0
2013-11-01,33.2
2013-12-01,11.2
2014-01-01,9.0
2014-02-01,76.0
2014-03-01,72.1
2014-04-01,36.7
2014-05-01,2.4
2014-06-01,0.5
2014-07-01,0.3
2014-08-01,0.0
2014-09-01,5.9
2014-10-01,3.8
2014-11-01,34.7
2014-12-01,156.4
2015-01-01,0.0
2015-02-01,58.4
2015-03-01,6.6
2015-04-01,41.5
2015-05-01,8.7
2015-06-01,0.5
2015-07-01,0.0
2015-08-01,0.0
2015-09-01,0.0
2015-10-01,10.8
2015-11-01,55.5
2015-12-01,91.3
2016-01-01,131.1
2016-02-01,16.1
2016-03-01,123.2
2016-04-01,54.0
2016-05-01,4.1
2016-06-01,0.0
2016-07-01,0.0
2016-08-01,0.0
2016-09-01,0.0
2016-10-01,85.4
2016-11-01,47.3
2016-12-01,75.1
2017-01-01,215.2
2017-02-01,168.9
2017-03-01,55.8
2017-04-01,68.0
2017-05-01,3.0
2017-06-01,5.1
2017-07-01,0.0
2017-08-01,0.3
2017-09-01,0.0
2017-10-01,4.4
2017-11-01,52.2
2017-12-01,3.9
2018-01-01,82.2
2018-02-01,10.6
2018-03-01,110.5
2018-04-01,68.6
2018-05-01,9.3
2018-06-01,0.0
2018-07-01,0.0
2018-08-01,0.0
2018-09-01,0.0
2018-10-01,11.9
2018-11-01,95.2
2018-12-01,52.1
2019-01-01,82.9
2019-02-01,135.9
2019-03-01,97.2
2019-04-01,15.5
2019-05-01,75.2
2019-06-01,0.0
2019-07-01,0.0
2019-08-01,0.0
2019-09-01,7.1
2019-10-01,0.0
2019-11-01,20.7
2019-12-01,130.7
2020-01-01,28.9
2020-02-01,0.0
2020-03-01,79.3
2020-04-01,54.7
2020-05-01,17.4
2020-06-01,0.0
2020-07-01,0.0
2020-08-01,0.0
2020-09-01,0.0
2020-10-01,0.0
2020-11-01,25.6
2020-12-01,59.8
