date,WB
1981-01-01,113.4
1981-02-01,-31.4
1981-03-01,40.2
1981-04-01,-97.8
1981-05-01,-169.4
1981-06-01,-228.2
1981-07-01,-237.9
1981-08-01,-204.0
1981-09-01,-150.9
1981-10-01,-44.6
1981-11-01,67.4
1981-12-01,29.5
1982-01-01,69.3
1982-02-01,19.4
1982-03-01,71.0
1982-04-01,-17.8
1982-05-01,-181.0
1982-06-01,-185.5
1982-07-01,-217.4
1982-08-01,-198.2
1982-09-01,-83.9
1982-10-01,-9.8
1982-11-01,50.9
1982-12-01,74.1
1983-01-01,131.0
1983-02-01,74.9
1983-03-01,134.8
1983-04-01,-50.8
1983-05-01,-156.6
1983-06-01,-200.9
1983-07-01,-215.2
1983-08-01,-196.8
1983-09-01,-132.8
1983-10-01,-75.5
1983-11-01,118.3
1983-12-01,82.0
1984-01-01,-30.2
1984-02-01,1.1
1984-03-01,-69.0
1984-04-01,-100.7
1984-05-01,-191.8
1984-06-01,-207.1
1984-07-01,-240.1
1984-08-01,-205.2
1984-09-01,-159.8
1984-10-01,-37.0
1984-11-01,75.8
1984-12-01,28.9
1985-01-01,7.1
1985-02-01,-15.0
1985-03-01,5.0
1985-04-01,-136.1
1985-05-01,-176.7
1985-06-01,-210.4
1985-07-01,-235.7
1985-08-01,-196.7
1985-09-01,-124.5
1985-10-01,-76.5
1985-11-01,42.2
1985-12-01,16.7
1986-01-01,36.0
1986-02-01,150.5
1986-03-01,18.8
1986-04-01,-93.8
1986-05-01,-171.3
1986-06-01,-209.4
1986-07-01,-224.5
1986-08-01,-209.7
1986-09-01,-107.5
1986-10-01,-99.1
1986-11-01,-55.7
1986-12-01,-4.7
1987-01-01,10.0
1987-02-01,27.9
1987-03-01,14.1
1987-04-01,-139.4
1987-05-01,-171.0
1987-06-01,-204.8
1987-07-01,-205.0
1987-08-01,-200.0
1987-09-01,-150.2
1987-10-01,-94.1
1987-11-01,-14.3
1987-12-01,19.8
1988-01-01,21.7
1988-02-01,-57.6
1988-03-01,-85.7
1988-04-01,-58.4
1988-05-01,-153.4
1988-06-01,-194.8
1988-07-01,-237.9
1988-08-01,-196.4
1988-09-01,-153.4
1988-10-01,-105.6
1988-11-01,1.6
1988-12-01,20.8
1989-01-01,-8.9
1989-02-01,-18.3
1989-03-01,6.9
1989-04-01,-127.1
1989-05-01,-170.3
1989-06-01,-200.8
1989-07-01,-232.3
1989-08-01,-190.6
1989-09-01,-100.3
1989-10-01,-38.0
1989-11-01,-17.2
1989-12-01,-34.4
1990-01-01,15.0
1990-02-01,5.9
1990-03-01,-62.2
1990-04-01,-104.1
1990-05-01,-116.7
1990-06-01,-197.9
1990-07-01,-228.4
1990-08-01,-197.2
1990-09-01,-148.9
1990-10-01,-108.7
1990-11-01,-46.7
1990-12-01,-16.4
1991-01-01,-38.4
1991-02-01,-22.3
1991-03-01,140.7
1991-04-01,-107.4
1991-05-01,-152.8
1991-06-01,-187.0
1991-07-01,-225.5
1991-08-01,-189.2
1991-09-01,-157.7
1991-10-01,-39.8
1991-11-01,-49.4
1991-12-01,3.0
1992-01-01,3.7
1992-02-01,91.1
1992-03-01,-29.5
1992-04-01,-127.7
1992-05-01,-194.4
1992-06-01,-190.9
1992-07-01,-210.9
1992-08-01,-207.4
1992-09-01,-151.6
1992-10-01,-69.9
1992-11-01,-50.2
1992-12-01,70.0
1993-01-01,157.0
1993-02-01,56.5
1993-03-01,-6.3
1993-04-01,-101.1
1993-05-01,-145.2
1993-06-01,-159.9
1993-07-01,-212.9
1993-08-01,-193.8
1993-09-01,-150.7
1993-10-01,-96.3
1993-11-01,-13.9
1993-12-01,16.4
1994-01-01,1.3
1994-02-01,26.5
1994-03-01,-87.5
1994-04-01,-78.0
1994-05-01,-139.1
1994-06-01,-206.7
1994-07-01,-225.6
1994-08-01,-205.1
1994-09-01,-142.6
1994-10-01,-78.9
1994-11-01,8.2
1994-12-01,13.3
1995-01-01,191.6
1995-02-01,-31.7
1995-03-01,111.5
1995-04-01,-84.0
1995-05-01,-98.0
1995-06-01,-158.9
1995-07-01,-209.2
1995-08-01,-197.6
1995-09-01,-146.7
1995-10-01,-104.0
1995-11-01,-58.4
1995-12-01,86.3
1996-01-01,66.1
1996-02-01,74.0
1996-03-01,-43.0
1996-04-01,-86.4
1996-05-01,-104.7
1996-06-01,-194.3
1996-07-01,-231.1
1996-08-01,-205.6
1996-09-01,-143.8
1996-10-01,-68.9
1996-11-01,36.8
1996-12-01,146.9
1997-01-01,138.3
1997-02-01,-47.4
1997-03-01,-99.6
1997-04-01,-125.2
1997-05-01,-188.7
1997-06-01,-194.8
1997-07-01,-215.9
1997-08-01,-189.3
1997-09-01,-148.1
1997-10-01,-76.6
1997-11-01,43.5
1997-12-01,17.1
1998-01-01,158.2
1998-02-01,219.1
1998-03-01,-9.9
1998-04-01,-23.0
1998-05-01,-36.9
1998-06-01,-168.7
1998-07-01,-216.7
1998-08-01,-202.4
1998-09-01,-139.6
1998-10-01,-70.3
1998-11-01,3.3
1998-12-01,23.8
1999-01-01,55.8
1999-02-01,68.4
1999-03-01,-52.5
1999-04-01,-76.6
1999-05-01,-162.6
1999-06-01,-194.2
1999-07-01,-212.5
1999-08-01,-174.3
1999-09-01,-147.3
1999-10-01,-104.0
1999-11-01,-25.6
1999-12-01,-35.5
2000-01-01,88.3
2000-02-01,126.1
2000-03-01,-33.4
2000-04-01,-90.5
2000-05-01,-126.7
2000-06-01,-208.2
2000-07-01,-213.5
2000-08-01,-194.7
2000-09-01,-133.6
2000-10-01,28.6
2000-11-01,-13.4
2000-12-01,-6.3
2001-01-01,20.8
2001-02-01,-4.7
2001-03-01,-42.8
2001-04-01,-37.9
2001-05-01,-200.1
2001-06-01,-215.0
2001-07-01,-220.4
2001-08-01,-199.4
2001-09-01,-142.9
2001-10-01,-90.6
2001-11-01,-1.6
2001-12-01,87.2
2002-01-01,9.3
2002-02-01,-19.0
2002-03-01,-23.8
2002-04-01,-113.8
2002-05-01,-160.2
2002-06-01,-210.2
2002-07-01,-232.2
2002-08-01,-196.8
2002-09-01,-152.5
2002-10-01,-95.7
2002-11-01,-4.0
2002-12-01,82.6
2003-01-01,-20.8
2003-02-01,-21.5
2003-03-01,-57.7
2003-04-01,-12.4
2003-05-01,-153.2
2003-06-01,-208.0
2003-07-01,-237.9
2003-08-01,-186.1
2003-09-01,-152.2
2003-10-01,-109.4
2003-11-01,-21.9
2003-12-01,74.6
2004-01-01,10.8
2004-02-01,44.7
2004-03-01,-82.5
2004-04-01,-132.8
2004-05-01,-173.9
2004-06-01,-204.0
2004-07-01,-215.7
2004-08-01,-189.6
2004-09-01,-139.3
2004-10-01,-19.6
2004-11-01,-10.0
2004-12-01,44.4
2005-01-01,99.0
2005-02-01,10.1
2005-03-01,23.0
2005-04-01,-85.3
2005-05-01,-122.2
2005-06-01,-169.4
2005-07-01,-230.8
2005-08-01,-199.8
2005-09-01,-134.3
2005-10-01,-94.2
2005-11-01,-47.5
2005-12-01,107.7
2006-01-01,71.8
2006-02-01,-31.1
2006-03-01,70.1
2006-04-01,34.2
2006-05-01,-151.0
2006-06-01,-204.0
2006-07-01,-231.1
2006-08-01,-188.9
2006-09-01,-144.5
2006-10-01,-83.4
2006-11-01,-23.9
2006-12-01,33.5
2007-01-01,-27.8
2007-02-01,54.5
2007-03-01,-84.2
2007-04-01,-91.2
2007-05-01,-174.6
2007-06-01,-201.7
2007-07-01,-220.7
2007-08-01,-194.5
2007-09-01,-130.0
2007-10-01,-74.5
2007-11-01,-42.3
2007-12-01,31.3
2008-01-01,105.7
2008-02-01,-4.5
2008-03-01,-92.3
2008-04-01,-126.1
2008-05-01,-162.5
2008-06-01,-203.9
2008-07-01,-221.5
2008-08-01,-199.5
2008-09-01,-150.4
2008-10-01,-88.7
2008-11-01,-23.0
2008-12-01,19.6
2009-01-01,17.5
2009-02-01,46.5
2009-03-01,-38.2
2009-04-01,-107.0
2009-05-01,-149.5
2009-06-01,-184.8
2009-07-01,-226.9
2009-08-01,-194.9
2009-09-01,-149.5
2009-10-01,-39.6
2009-11-01,-43.4
2009-12-01,35.2
2010-01-01,80.7
2010-02-01,28.3
2010-03-01,-34.9
2010-04-01,-6.4
2010-05-01,-116.5
2010-06-01,-193.9
2010-07-01,-220.4
2010-08-01,-186.5
2010-09-01,-143.0
2010-10-01,-32.9
2010-11-01,26.1
2010-12-01,111.8
2011-01-01,3.7
2011-02-01,34.2
2011-03-01,68.6
2011-04-01,-105.8
2011-05-01,-117.8
2011-06-01,-134.6
2011-07-01,-206.9
2011-08-01,-191.5
2011-09-01,-150.5
2011-10-01,-56.0
2011-11-01,-29.3
2011-12-01,-37.6
2012-01-01,9.6
2012-02-01,-41.4
2012-03-01,12.2
2012-04-01,-35.8
2012-05-01,-176.8
2012-06-01,-189.9
2012-07-01,-216.6
2012-08-01,-204.6
2012-09-01,-149.8
2012-10-01,-82.4
2012-11-01,-0.8
2012-12-01,122.8
2013-01-01,-13.3
2013-02-01,-48.5
2013-03-01,-64.2
2013-04-01,-111.8
2013-05-01,-169.5
2013-06-01,-199.6
2013-07-01,-229.5
2013-08-01,-193.4
2013-09-01,-132.9
2013-10-01,-98.6
2013-11-01,-24.6
2013-12-01,-30.7
2014-01-01,-43.9
2014-02-01,19.8
2014-03-01,-23.4
2014-04-01,-90.2
2014-05-01,-179.2
2014-06-01,-207.8
2014-07-01,-222.8
2014-08-01,-191.5
2014-09-01,-139.4
2014-10-01,-101.3
2014-11-01,-18.7
2014-12-01,120.9
2015-01-01,-41.6
2015-02-01,-3.7
2015-03-01,-101.3
2015-04-01,-89.0
2015-05-01,-157.0
2015-06-01,-217.5
2015-07-01,-215.8
2015-08-01,-194.2
2015-09-01,-149.5
2015-10-01,-92.8
2015-11-01,3.7
2015-12-01,55.4
2016-01-01,92.9
2016-02-01,-50.7
2016-03-01,32.9
2016-04-01,-73.2
2016-05-01,-166.9
2016-06-01,-217.9
2016-07-01,-232.0
2016-08-01,-202.4
2016-09-01,-150.6
2016-10-01,-6.4
2016-11-01,-7.2
2016-12-01,38.6
2017-01-01,178.9
2017-02-01,119.2
2017-03-01,-36.0
2017-04-01,-44.6
2017-05-01,-173.2
2017-06-01,-204.1
2017-07-01,-238.4
2017-08-01,-202.4
2017-09-01,-145.1
2017-10-01,-99.2
2017-11-01,-0.0
2017-12-01,-40.3
2018-01-01,41.4
2018-02-01,-50.1
2018-03-01,26.1
2018-04-01,-52.0
2018-05-01,-161.5
2018-06-01,-208.0
2018-07-01,-229.9
2018-08-01,-192.2
2018-09-01,-146.2
2018-10-01,-86.8
2018-11-01,37.8
2018-12-01,15.6
2019-01-01,41.5
2019-02-01,90.5
2019-03-01,16.0
2019-04-01,-110.8
2019-05-01,-72.9
2019-06-01,-205.3
2019-07-01,-221.7
2019-08-01,-194.7
2019-09-01,-131.8
2019-10-01,-98.9
2019-11-01,-38.8
2019-12-01,96.6
2020-01-01,-10.6
2020-02-01,-65.9
2020-03-01,-3.5
2020-04-01,-64.4
2020-05-01,-158.2
2020-06-01,-201.6
2020-07-01,-223.2
2020-08-01,-201.3
2020-09-01,-147.4
2020-10-01,-107.7
2020-11-01,-30.4
2020-12-01,19.4
